FAILURE_ID,ASSET_ID,FAILURE_TIMESTAMP,FAILURE_TYPE,ROOT_CAUSE,DOWNTIME_HOURS,PRODUCTION_LOSS
F-0059,PRESS-002,2026-08-25 04:00:00,MOTOR_OVERHEATING,Historical equipment degradation,10.13,9315.97
F-0047,CNC-002,2026-08-25 16:00:00,BEARING_DEGRADATION,Historical equipment degradation,5.16,19224.94
F-0055,PUMP-001,2026-08-26 10:00:00,BEARING_DEGRADATION,Historical equipment degradation,4.14,16253.34
F-0054,PRESS-002,2026-08-26 11:00:00,MOTOR_OVERHEATING,Historical equipment degradation,5.61,18198.11
F-0144,PRESS-002,2026-08-29 02:00:00,MOTOR_OVERHEATING,Historical equipment degradation,7.33,23247.51
F-0134,PRESS-002,2026-08-29 18:00:00,MOTOR_OVERHEATING,Historical equipment degradation,5.9,15610.61
F-0103,PRESS-001,2026-08-29 18:00:00,MOTOR_OVERHEATING,Historical equipment degradation,8.25,24081.16
F-0098,PRESS-001,2026-08-29 23:00:00,MOTOR_OVERHEATING,Historical equipment degradation,13.85,18172.81
F-0027,CNC-002,2026-08-30 05:00:00,BEARING_DEGRADATION,Historical equipment degradation,9.16,21589.15
F-0071,CNC-001,2026-08-30 07:00:00,BEARING_DEGRADATION,Historical equipment degradation,5.86,10507.95
F-0025,PUMP-001,2026-08-31 02:00:00,BEARING_DEGRADATION,Historical equipment degradation,10.84,18560.91
F-0128,PRESS-001,2026-08-31 04:00:00,MOTOR_OVERHEATING,Historical equipment degradation,9.59,15747.13
F-0086,CNC-001,2026-08-31 16:00:00,BEARING_DEGRADATION,Historical equipment degradation,10.62,13509.97
F-0060,PUMP-001,2026-09-01 00:00:00,BEARING_DEGRADATION,Historical equipment degradation,10.91,24705.57
F-0051,CNC-001,2026-09-01 19:00:00,BEARING_DEGRADATION,Historical equipment degradation,12.92,10124.71
F-0092,CNC-002,2026-09-03 08:00:00,BEARING_DEGRADATION,Historical equipment degradation,8.36,9311.63
F-0087,CNC-002,2026-09-03 11:00:00,BEARING_DEGRADATION,Historical equipment degradation,2.98,21229.76
F-0117,CNC-002,2026-09-04 02:00:00,BEARING_DEGRADATION,Historical equipment degradation,6.27,23603.84
F-0095,PUMP-001,2026-09-04 06:00:00,BEARING_DEGRADATION,Historical equipment degradation,7.09,22898.06
F-0006,CNC-001,2026-09-04 12:00:00,BEARING_DEGRADATION,Historical equipment degradation,8.09,11356.62
F-0040,PUMP-001,2026-09-05 01:00:00,BEARING_DEGRADATION,Historical equipment degradation,7.56,3316.64
F-0063,PRESS-001,2026-09-05 03:00:00,MOTOR_OVERHEATING,Historical equipment degradation,9.74,6322.76
F-0009,PRESS-002,2026-09-05 16:00:00,MOTOR_OVERHEATING,Historical equipment degradation,2.26,21639.32
F-0127,CNC-002,2026-09-06 02:00:00,BEARING_DEGRADATION,Historical equipment degradation,4.72,19687.1
F-0081,CNC-001,2026-09-07 02:00:00,BEARING_DEGRADATION,Historical equipment degradation,4.86,15406.48
F-0150,PUMP-001,2026-09-07 11:00:00,BEARING_DEGRADATION,Historical equipment degradation,8.29,17353.16
F-0013,PRESS-001,2026-09-08 00:00:00,MOTOR_OVERHEATING,Historical equipment degradation,6.55,2325.26
F-0043,PRESS-001,2026-09-08 11:00:00,MOTOR_OVERHEATING,Historical equipment degradation,9.17,16095.92
F-0099,PRESS-002,2026-09-08 16:00:00,MOTOR_OVERHEATING,Historical equipment degradation,5.63,2153.84
F-0093,PRESS-001,2026-09-08 18:00:00,MOTOR_OVERHEATING,Historical equipment degradation,3.98,17515.01
F-0030,PUMP-001,2026-09-09 11:00:00,BEARING_DEGRADATION,Historical equipment degradation,3.43,23881.58
F-0036,CNC-001,2026-09-09 12:00:00,BEARING_DEGRADATION,Historical equipment degradation,3.34,23737.95
F-0130,PUMP-001,2026-09-09 21:00:00,BEARING_DEGRADATION,Historical equipment degradation,7.65,15178.19
F-0075,PUMP-001,2026-09-10 07:00:00,BEARING_DEGRADATION,Historical equipment degradation,4.81,14460.98
F-0105,PUMP-001,2026-09-11 09:00:00,BEARING_DEGRADATION,Historical equipment degradation,6.55,16453.09
F-0058,PRESS-001,2026-09-12 20:00:00,MOTOR_OVERHEATING,Historical equipment degradation,3.57,7766.22
F-0068,PRESS-001,2026-09-14 12:00:00,MOTOR_OVERHEATING,Historical equipment degradation,2.38,17345.77
F-0123,PRESS-001,2026-09-14 14:00:00,MOTOR_OVERHEATING,Historical equipment degradation,4.66,10377.37
F-0011,CNC-001,2026-09-15 05:00:00,BEARING_DEGRADATION,Historical equipment degradation,12.46,9933.96
F-0072,CNC-002,2026-09-16 09:00:00,BEARING_DEGRADATION,Historical equipment degradation,13.68,5996.29
F-0140,PUMP-001,2026-09-18 18:00:00,BEARING_DEGRADATION,Historical equipment degradation,9.39,6022.46
F-0119,PRESS-002,2026-09-20 08:00:00,MOTOR_OVERHEATING,Historical equipment degradation,4.2,9994.97
F-0023,PRESS-001,2026-09-20 22:00:00,MOTOR_OVERHEATING,Historical equipment degradation,7.37,5733.11
F-0049,PRESS-002,2026-09-21 00:00:00,MOTOR_OVERHEATING,Historical equipment degradation,3.8,14792.95
F-0137,CNC-002,2026-09-23 05:00:00,BEARING_DEGRADATION,Historical equipment degradation,2.42,16659.03
F-0062,CNC-002,2026-09-23 15:00:00,BEARING_DEGRADATION,Historical equipment degradation,5.24,18028.28
F-0149,PRESS-002,2026-09-24 15:00:00,MOTOR_OVERHEATING,Historical equipment degradation,4.14,17424.06
F-0124,PRESS-002,2026-09-25 03:00:00,MOTOR_OVERHEATING,Historical equipment degradation,5.22,20911.33
F-0126,CNC-001,2026-09-25 11:00:00,BEARING_DEGRADATION,Historical equipment degradation,2.02,11132.26
F-0085,PUMP-001,2026-09-25 11:00:00,BEARING_DEGRADATION,Historical equipment degradation,6.15,19101.55
F-0024,PRESS-002,2026-09-25 11:00:00,MOTOR_OVERHEATING,Historical equipment degradation,7.01,13590.51
F-0078,PRESS-001,2026-09-26 10:00:00,MOTOR_OVERHEATING,Historical equipment degradation,12.26,24900.16
F-0069,PRESS-002,2026-09-26 21:00:00,MOTOR_OVERHEATING,Historical equipment degradation,4.47,14054.35
F-0077,CNC-002,2026-09-27 18:00:00,BEARING_DEGRADATION,Historical equipment degradation,5.21,21751.29
F-0050,PUMP-001,2026-09-27 19:00:00,BEARING_DEGRADATION,Historical equipment degradation,13.73,8828.6
F-0102,CNC-002,2026-09-28 06:00:00,BEARING_DEGRADATION,Historical equipment degradation,10.78,21774.68
F-0079,PRESS-002,2026-09-28 13:00:00,MOTOR_OVERHEATING,Historical equipment degradation,7.95,23319.61
F-0038,PRESS-001,2026-09-28 23:00:00,MOTOR_OVERHEATING,Historical equipment degradation,11.74,5308.59
F-0091,CNC-001,2026-09-29 00:00:00,BEARING_DEGRADATION,Historical equipment degradation,6.46,24384.76
F-0129,PRESS-002,2026-09-29 05:00:00,MOTOR_OVERHEATING,Historical equipment degradation,2.44,18137.89
F-0113,PRESS-001,2026-09-29 10:00:00,MOTOR_OVERHEATING,Historical equipment degradation,12.62,7867.09
F-0090,PUMP-001,2026-09-30 00:00:00,BEARING_DEGRADATION,Historical equipment degradation,5.55,13693.63
F-0067,CNC-002,2026-10-01 02:00:00,BEARING_DEGRADATION,Historical equipment degradation,6.22,13683.45
F-0048,PRESS-001,2026-10-01 07:00:00,MOTOR_OVERHEATING,Historical equipment degradation,7.44,21728.27
F-0076,CNC-001,2026-10-01 12:00:00,BEARING_DEGRADATION,Historical equipment degradation,6.0,8293.66
F-0106,CNC-001,2026-10-01 15:00:00,BEARING_DEGRADATION,Historical equipment degradation,6.41,10324.18
F-0016,CNC-001,2026-10-02 13:00:00,BEARING_DEGRADATION,Historical equipment degradation,6.29,20134.59
F-0089,PRESS-002,2026-10-05 05:00:00,MOTOR_OVERHEATING,Historical equipment degradation,3.86,22147.9
F-0010,PUMP-001,2026-10-05 10:00:00,BEARING_DEGRADATION,Historical equipment degradation,9.74,5572.23
F-0015,PUMP-001,2026-10-05 15:00:00,BEARING_DEGRADATION,Historical equipment degradation,3.6,10502.3
F-0007,CNC-002,2026-10-05 22:00:00,BEARING_DEGRADATION,Historical equipment degradation,13.74,7206.02
F-0033,PRESS-001,2026-10-06 06:00:00,MOTOR_OVERHEATING,Historical equipment degradation,11.21,1502.53
F-0056,CNC-001,2026-10-06 13:00:00,BEARING_DEGRADATION,Historical equipment degradation,5.72,3898.8
F-0028,PRESS-001,2026-10-06 14:00:00,MOTOR_OVERHEATING,Historical equipment degradation,6.01,4624.47
F-0145,PUMP-001,2026-10-06 16:00:00,BEARING_DEGRADATION,Historical equipment degradation,7.56,21404.35
F-0148,PRESS-001,2026-10-07 01:00:00,MOTOR_OVERHEATING,Historical equipment degradation,11.2,3237.39
F-0008,PRESS-001,2026-10-07 10:00:00,MOTOR_OVERHEATING,Historical equipment degradation,7.91,17427.46
F-0014,PRESS-002,2026-10-07 16:00:00,MOTOR_OVERHEATING,Historical equipment degradation,7.46,13086.97
F-0084,PRESS-002,2026-10-07 16:00:00,MOTOR_OVERHEATING,Historical equipment degradation,6.28,15932.52
F-0041,CNC-001,2026-10-07 20:00:00,BEARING_DEGRADATION,Historical equipment degradation,8.5,7879.96
F-0141,CNC-001,2026-10-09 05:00:00,BEARING_DEGRADATION,Historical equipment degradation,12.3,3488.22
F-0107,CNC-002,2026-10-09 17:00:00,BEARING_DEGRADATION,Historical equipment degradation,7.76,24831.75
F-0064,PRESS-002,2026-10-10 03:00:00,MOTOR_OVERHEATING,Historical equipment degradation,5.35,17208.78
F-0108,PRESS-001,2026-10-11 10:00:00,MOTOR_OVERHEATING,Historical equipment degradation,6.4,10034.54
F-0046,CNC-001,2026-10-11 21:00:00,BEARING_DEGRADATION,Historical equipment degradation,10.77,11290.15
F-0138,PRESS-001,2026-10-12 06:00:00,MOTOR_OVERHEATING,Historical equipment degradation,9.9,8882.01
F-0094,PRESS-002,2026-10-12 08:00:00,MOTOR_OVERHEATING,Historical equipment degradation,5.29,12952.94
F-0114,PRESS-002,2026-10-12 17:00:00,MOTOR_OVERHEATING,Historical equipment degradation,13.94,6392.37
F-0097,CNC-002,2026-10-12 19:00:00,BEARING_DEGRADATION,Historical equipment degradation,9.03,6798.91
F-0146,CNC-001,2026-10-12 20:00:00,BEARING_DEGRADATION,Historical equipment degradation,11.0,3735.2
F-0111,CNC-001,2026-10-13 00:00:00,BEARING_DEGRADATION,Historical equipment degradation,3.11,8919.67
F-0096,CNC-001,2026-10-13 01:00:00,BEARING_DEGRADATION,Historical equipment degradation,2.83,4865.44
F-0132,CNC-002,2026-10-13 05:00:00,BEARING_DEGRADATION,Historical equipment degradation,10.54,1840.1
F-0121,CNC-001,2026-10-13 22:00:00,BEARING_DEGRADATION,Historical equipment degradation,6.38,20088.79
F-0135,PUMP-001,2026-10-14 02:00:00,BEARING_DEGRADATION,Historical equipment degradation,3.96,23229.06
F-0044,PRESS-002,2026-10-14 12:00:00,MOTOR_OVERHEATING,Historical equipment degradation,2.27,5626.18
F-0139,PRESS-002,2026-10-15 02:00:00,MOTOR_OVERHEATING,Historical equipment degradation,11.51,21237.64
F-0031,CNC-001,2026-10-15 04:00:00,BEARING_DEGRADATION,Historical equipment degradation,9.91,23954.94
F-0045,PUMP-001,2026-10-16 02:00:00,BEARING_DEGRADATION,Historical equipment degradation,11.27,15004.95
F-0065,PUMP-001,2026-10-16 08:00:00,BEARING_DEGRADATION,Historical equipment degradation,5.73,6442.53
F-0088,PRESS-001,2026-10-17 02:00:00,MOTOR_OVERHEATING,Historical equipment degradation,10.82,4407.36
F-0120,PUMP-001,2026-10-17 11:00:00,BEARING_DEGRADATION,Historical equipment degradation,2.77,9713.43
F-0110,PUMP-001,2026-10-18 09:00:00,BEARING_DEGRADATION,Historical equipment degradation,10.57,2839.38
F-0125,PUMP-001,2026-10-19 00:00:00,BEARING_DEGRADATION,Historical equipment degradation,13.69,16337.01
F-0112,CNC-002,2026-10-19 23:00:00,BEARING_DEGRADATION,Historical equipment degradation,10.53,19880.05
F-0115,PUMP-001,2026-10-20 02:00:00,BEARING_DEGRADATION,Historical equipment degradation,2.84,22568.13
F-0057,CNC-002,2026-10-21 08:00:00,BEARING_DEGRADATION,Historical equipment degradation,9.16,4586.86
F-0018,PRESS-001,2026-10-21 21:00:00,MOTOR_OVERHEATING,Historical equipment degradation,9.78,17123.61
F-0073,PRESS-001,2026-10-21 22:00:00,MOTOR_OVERHEATING,Historical equipment degradation,3.67,16110.0
F-0037,CNC-002,2026-10-22 15:00:00,BEARING_DEGRADATION,Historical equipment degradation,9.15,10476.08
F-0020,PUMP-001,2026-10-22 18:00:00,BEARING_DEGRADATION,Historical equipment degradation,2.98,5551.44
F-0082,CNC-002,2026-10-23 14:00:00,BEARING_DEGRADATION,Historical equipment degradation,13.68,14069.58
F-0101,CNC-001,2026-10-23 15:00:00,BEARING_DEGRADATION,Historical equipment degradation,8.33,22567.79
F-0109,PRESS-002,2026-10-23 21:00:00,MOTOR_OVERHEATING,Historical equipment degradation,12.76,19812.58
F-0104,PRESS-002,2026-10-23 22:00:00,MOTOR_OVERHEATING,Historical equipment degradation,10.65,11484.25
F-0143,PRESS-001,2026-10-24 04:00:00,MOTOR_OVERHEATING,Historical equipment degradation,2.74,24729.4
F-0034,PRESS-002,2026-10-24 12:00:00,MOTOR_OVERHEATING,Historical equipment degradation,2.35,15704.22
F-0131,CNC-001,2026-10-25 22:00:00,BEARING_DEGRADATION,Historical equipment degradation,3.73,16979.87
F-0070,PUMP-001,2026-10-26 02:00:00,BEARING_DEGRADATION,Historical equipment degradation,11.48,1909.58
F-0042,CNC-002,2026-10-26 22:00:00,BEARING_DEGRADATION,Historical equipment degradation,6.69,2338.69
F-0026,CNC-001,2026-10-27 09:00:00,BEARING_DEGRADATION,Historical equipment degradation,7.26,21328.57
F-0052,CNC-002,2026-10-27 10:00:00,BEARING_DEGRADATION,Historical equipment degradation,11.18,6964.92
F-0053,PRESS-001,2026-10-27 11:00:00,MOTOR_OVERHEATING,Historical equipment degradation,9.76,6983.53
F-0116,CNC-001,2026-10-27 15:00:00,BEARING_DEGRADATION,Historical equipment degradation,10.64,10602.15
F-0147,CNC-002,2026-10-28 00:00:00,BEARING_DEGRADATION,Historical equipment degradation,13.46,16241.8
F-0142,CNC-002,2026-10-29 05:00:00,BEARING_DEGRADATION,Historical equipment degradation,7.02,3806.37
F-0136,CNC-001,2026-10-29 07:00:00,BEARING_DEGRADATION,Historical equipment degradation,4.31,3260.53
F-0035,PUMP-001,2026-10-29 15:00:00,BEARING_DEGRADATION,Historical equipment degradation,6.67,15871.86
F-0066,CNC-001,2026-10-30 11:00:00,BEARING_DEGRADATION,Historical equipment degradation,13.77,16694.86
F-0074,PRESS-002,2026-10-30 22:00:00,MOTOR_OVERHEATING,Historical equipment degradation,2.29,6947.55
F-0012,CNC-002,2026-10-31 08:00:00,BEARING_DEGRADATION,Historical equipment degradation,2.24,8756.46
F-0083,PRESS-001,2026-10-31 10:00:00,MOTOR_OVERHEATING,Historical equipment degradation,10.84,15675.99
F-0022,CNC-002,2026-10-31 20:00:00,BEARING_DEGRADATION,Historical equipment degradation,3.0,11087.31
F-0122,CNC-002,2026-11-01 20:00:00,BEARING_DEGRADATION,Historical equipment degradation,12.7,23683.27
F-0061,CNC-001,2026-11-01 21:00:00,BEARING_DEGRADATION,Historical equipment degradation,9.98,2002.65
F-0021,CNC-001,2026-11-02 14:00:00,BEARING_DEGRADATION,Historical equipment degradation,12.39,3359.83
F-0080,PUMP-001,2026-11-03 10:00:00,BEARING_DEGRADATION,Historical equipment degradation,5.72,16984.33
F-0133,PRESS-001,2026-11-03 11:00:00,MOTOR_OVERHEATING,Historical equipment degradation,5.71,23917.34
F-0118,PRESS-001,2026-11-03 12:00:00,MOTOR_OVERHEATING,Historical equipment degradation,6.89,1868.84
F-0029,PRESS-002,2026-11-04 07:00:00,MOTOR_OVERHEATING,Historical equipment degradation,3.01,4470.86
F-0032,CNC-002,2026-11-04 13:00:00,BEARING_DEGRADATION,Historical equipment degradation,4.43,5452.15
F-0017,CNC-002,2026-11-05 14:00:00,BEARING_DEGRADATION,Historical equipment degradation,3.49,4386.31
F-0039,PRESS-002,2026-11-06 10:00:00,MOTOR_OVERHEATING,Historical equipment degradation,3.06,23187.8
F-0100,PUMP-001,2026-11-07 18:00:00,BEARING_DEGRADATION,Historical equipment degradation,8.93,8816.32
F-0019,PRESS-002,2026-11-07 22:00:00,MOTOR_OVERHEATING,Historical equipment degradation,7.11,19386.94
F-0002,CNC-002,2026-11-17 10:00:00,BEARING_DEGRADATION,Bearing wear and shaft misalignment,14.0,24500.0
F-0001,CNC-001,2026-11-17 10:00:00,BEARING_DEGRADATION,Bearing wear and shaft misalignment,14.0,24500.0
F-0003,PRESS-001,2026-11-17 13:00:00,MOTOR_OVERHEATING,Insufficient cooling and thermal load,8.0,9200.0
F-0005,PUMP-001,2026-11-17 14:00:00,BEARING_DEGRADATION,Bearing wear and shaft misalignment,14.0,24500.0
F-0004,PRESS-002,2026-11-17 15:00:00,MOTOR_OVERHEATING,Insufficient cooling and thermal load,8.0,9200.0
